"","(Intercept)","R.Egroup B","R.Egroup C","R.Egroup D","R.Egroup E","P.L.Ebachelor's degree","P.L.Ehigh school","P.L.Emaster's degree","P.L.Esome college","P.L.Esome high school","Lstandard","T.P.Cnone","SM","Score"
"1",1,1,0,0,0,1,0,0,0,0,1,1,0,1260
"2",1,0,1,0,0,0,0,0,1,0,1,0,0,1340
"3",1,1,0,0,0,0,0,1,0,0,1,1,0,1490
"4",1,0,0,0,0,0,0,0,0,0,0,1,1,1010
"5",1,0,1,0,0,0,0,0,1,0,1,1,1,1300
"6",1,1,0,0,0,0,0,0,0,0,1,1,0,1290
"7",1,1,0,0,0,0,0,0,1,0,1,0,0,1460
"8",1,1,0,0,0,0,0,0,1,0,0,1,1,930
"9",1,0,0,1,0,0,1,0,0,0,0,0,1,1170
"10",1,1,0,0,0,0,1,0,0,0,0,1,0,1000
"11",1,0,1,0,0,0,0,0,0,0,1,1,1,1080
"12",1,0,0,1,0,0,0,0,0,0,1,1,1,960
"13",1,1,0,0,0,0,1,0,0,0,1,1,0,1250
"14",1,0,0,0,0,0,0,0,1,0,1,0,1,1280
"15",1,0,0,0,0,0,0,1,0,0,1,1,0,1050
"16",1,0,1,0,0,0,0,0,0,1,1,1,0,1260
"17",1,0,1,0,0,0,1,0,0,0,1,1,1,1420
"18",1,1,0,0,0,0,0,0,0,1,0,1,0,710
"19",1,0,1,0,0,0,0,1,0,0,0,0,1,980
"20",1,0,1,0,0,0,0,0,0,0,0,1,0,1090
"21",1,0,0,1,0,0,1,0,0,0,1,1,1,1190
"22",1,1,0,0,0,0,0,0,1,0,0,0,0,1230
"23",1,0,0,1,0,0,0,0,1,0,1,1,1,1020
"24",1,0,1,0,0,0,0,0,0,1,1,1,0,1230
"25",1,0,0,1,0,1,0,0,0,0,0,0,1,1280
"26",1,0,0,0,0,0,0,1,0,0,0,1,1,1250
"27",1,1,0,0,0,0,0,0,1,0,1,1,1,1130
"28",1,0,1,0,0,1,0,0,0,0,1,1,0,1220
"29",1,0,1,0,0,0,1,0,0,0,1,1,1,1210
"30",1,0,0,1,0,0,0,1,0,0,1,1,0,1200
"31",1,0,0,1,0,0,0,0,1,0,1,1,0,1240
"32",1,1,0,0,0,0,0,0,1,0,1,1,0,1160
"33",1,0,0,0,1,0,0,1,0,0,0,1,0,1150
"34",1,0,0,1,0,0,0,0,1,0,1,1,1,930
"35",1,0,0,0,1,0,0,0,1,0,1,1,1,1480
"36",1,0,0,0,1,0,0,0,0,0,1,0,1,1340
"37",1,0,0,1,0,0,0,0,0,0,1,1,0,1330
"38",1,0,0,1,0,0,0,0,0,1,0,1,0,1080
"39",1,0,0,1,0,0,0,0,0,0,0,0,0,1380
"40",1,1,0,0,0,0,0,0,0,0,0,1,1,1100
"41",1,0,1,0,0,0,0,0,0,0,0,1,1,1090
"42",1,0,1,0,0,0,0,0,0,0,1,1,0,1170
"43",1,1,0,0,0,0,0,0,0,0,1,1,0,1100
"44",1,1,0,0,0,0,0,0,1,0,0,0,1,1140
"45",1,0,0,0,1,0,0,0,0,0,0,1,0,1050
"46",1,1,0,0,0,0,0,0,0,0,1,1,1,1130
"47",1,0,0,0,0,0,0,0,0,0,1,0,0,1120
"48",1,0,1,0,0,0,1,0,0,0,1,1,0,1230
"49",1,0,0,1,0,0,0,0,0,0,0,0,0,1190
"50",1,0,1,0,0,0,1,0,0,0,1,0,1,1370
"51",1,0,0,0,1,0,0,0,1,0,1,1,1,1050
"52",1,0,0,0,1,0,0,0,0,0,0,0,1,1260
"53",1,0,1,0,0,0,0,0,1,0,1,1,1,990
"54",1,0,0,1,0,0,1,0,0,0,1,1,1,1360
"55",1,0,1,0,0,0,0,0,0,1,0,0,0,1320
"56",1,0,1,0,0,0,1,0,0,0,0,1,0,890
"57",1,0,0,0,1,0,0,0,0,0,1,0,0,1380
"58",1,0,0,1,0,0,0,0,0,0,1,1,1,1050
"59",1,0,0,1,0,0,0,0,1,0,1,0,1,1110
"60",1,0,1,0,0,0,0,0,0,1,0,1,0,470
"61",1,0,0,0,1,1,0,0,0,0,0,0,1,1290
"62",1,0,0,0,0,0,0,0,0,1,0,1,1,900
"63",1,0,0,0,0,0,0,0,0,0,0,1,1,1120
"64",1,0,1,0,0,0,0,0,0,0,1,1,0,1260
"65",1,0,0,1,0,0,0,0,0,1,1,1,0,1100
"66",1,1,0,0,0,0,0,0,0,1,1,1,1,1170
"67",1,0,0,1,0,0,0,0,0,1,0,1,1,920
"68",1,0,1,0,0,0,0,0,1,0,1,1,0,1200
"69",1,1,0,0,0,0,0,0,0,0,0,1,1,1110
"70",1,0,1,0,0,0,0,0,0,0,1,1,0,1040
"71",1,0,0,1,0,0,0,0,1,0,0,0,0,1160
"72",1,0,0,1,0,0,0,0,1,0,1,0,1,1150
"73",1,0,0,0,0,0,0,0,0,0,0,1,0,970
"74",1,0,1,0,0,0,0,0,0,1,0,1,1,1110
"75",1,0,1,0,0,0,0,0,0,1,1,1,1,980
"76",1,1,0,0,0,0,0,0,0,0,0,1,1,940
"77",1,0,0,0,1,0,0,0,0,1,1,1,1,780
"78",1,0,0,0,0,1,0,0,0,0,1,0,1,1340
"79",1,0,0,1,0,0,0,0,0,1,1,0,0,1190
"80",1,0,0,0,1,0,0,1,0,0,1,1,0,1180
"81",1,1,0,0,0,0,0,0,0,0,1,1,0,1000
"82",1,1,0,0,0,0,1,0,0,0,0,1,1,990
"83",1,0,0,0,0,0,0,0,1,0,0,0,1,1020
"84",1,0,0,0,1,0,0,0,0,0,1,1,1,1210
"85",1,0,0,1,0,0,1,0,0,0,0,1,1,900
"86",1,0,1,0,0,0,0,0,1,0,1,1,0,1310
"87",1,0,1,0,0,0,0,0,1,0,0,1,0,1350
"88",1,0,0,1,0,0,0,0,0,0,1,1,0,1250
"89",1,0,0,0,0,0,0,0,1,0,1,1,0,1150
"90",1,0,0,1,0,0,0,0,0,1,1,1,0,1330
"91",1,0,1,0,0,1,0,0,0,0,1,1,0,1230
"92",1,0,1,0,0,0,1,0,0,0,0,1,1,830
"93",1,0,1,0,0,0,1,0,0,0,1,1,1,1260
"94",1,0,1,0,0,0,0,0,0,0,0,0,1,970
"95",1,1,0,0,0,0,0,0,1,0,1,1,0,1400
"96",1,0,1,0,0,0,0,0,0,0,0,0,1,1340
"97",1,1,0,0,0,0,0,0,0,1,1,0,1,1170
"98",1,0,0,0,1,0,0,0,1,0,1,0,0,1210
"99",1,0,0,1,0,0,0,0,1,0,0,1,0,1140
"100",1,0,0,1,0,1,0,0,0,0,1,1,0,1180
"101",1,1,0,0,0,0,0,0,1,0,1,1,1,1260
"102",1,0,0,1,0,1,0,0,0,0,1,0,1,1230
"103",1,0,0,1,0,0,0,0,0,0,1,1,0,1420
"104",1,1,0,0,0,0,1,0,0,0,1,0,1,1040
"105",1,0,1,0,0,0,0,0,1,0,1,0,1,1520
"106",1,0,1,0,0,0,0,0,1,0,1,1,0,1170
"107",1,0,0,1,0,0,0,1,0,0,1,1,0,1500
"108",1,0,0,0,1,0,0,0,0,0,1,0,1,1180
"109",1,1,0,0,0,0,0,0,0,0,0,1,0,1160
"110",1,1,0,0,0,0,0,0,0,1,1,1,0,1220
"111",1,0,0,1,0,0,0,0,0,0,0,0,0,1420
"112",1,0,1,0,0,0,1,0,0,0,1,1,1,1100
"113",1,0,0,0,0,0,0,0,0,0,1,1,1,1040
"114",1,0,0,1,0,0,0,0,1,0,1,1,0,1060
"115",1,0,0,0,1,1,0,0,0,0,1,0,0,1590
"116",1,0,1,0,0,0,1,0,0,0,1,1,1,1330
"117",1,1,0,0,0,1,0,0,0,0,0,1,0,1340
"118",1,0,0,1,0,1,0,0,0,0,1,1,0,1330
"119",1,0,0,1,0,0,0,0,0,1,1,1,0,1100
"120",1,0,1,0,0,0,0,0,1,0,1,1,0,1140
"121",1,0,1,0,0,1,0,0,0,0,1,0,0,1400
"122",1,1,0,0,0,0,0,0,0,0,1,0,1,1470
"123",1,0,1,0,0,0,0,0,1,0,1,0,0,1460
"124",1,0,0,1,0,0,1,0,0,0,0,1,1,1130
"125",1,0,0,0,1,0,0,0,1,0,1,1,1,1330
"126",1,1,0,0,0,0,1,0,0,0,1,1,0,1430
"127",1,1,0,0,0,0,0,0,0,1,1,1,1,1220
"128",1,0,0,1,0,0,0,0,1,0,1,0,1,1240
"129",1,0,0,1,0,0,0,1,0,0,1,1,1,1340
"130",1,0,0,0,0,1,0,0,0,0,1,1,0,1020
"131",1,0,0,1,0,0,0,1,0,0,1,1,1,1420
"132",1,0,1,0,0,0,0,0,0,1,0,0,1,970
"133",1,0,0,0,1,0,0,0,1,0,0,0,1,1320
"134",1,0,1,0,0,0,0,0,1,0,1,0,0,1340
"135",1,0,0,1,0,1,0,0,0,0,0,0,1,1290
"136",1,0,1,0,0,1,0,0,0,0,1,1,1,1070
"137",1,1,0,0,0,0,0,0,0,1,1,0,1,1010
"138",1,0,0,0,1,0,1,0,0,0,1,1,1,1160
"139",1,0,1,0,0,0,0,0,0,0,1,1,0,1140
"140",1,0,0,1,0,0,0,0,1,0,1,0,1,1200
"141",1,0,0,1,0,0,0,0,0,1,1,1,0,1270
"142",1,0,1,0,0,0,0,0,1,0,0,1,0,1130
"143",1,0,0,0,1,0,0,0,1,0,0,0,0,1010
"144",1,0,0,0,0,0,1,0,0,0,1,1,1,1030
"145",1,0,0,1,0,0,0,0,1,0,1,1,1,1350
"146",1,0,1,0,0,0,0,0,1,0,0,1,0,790
"147",1,1,0,0,0,0,0,0,0,1,1,1,1,1380
"148",1,0,1,0,0,0,0,0,0,0,0,1,1,1220
"149",1,0,0,1,0,1,0,0,0,0,1,0,0,1260
"150",1,0,0,0,1,0,0,0,0,0,0,0,1,1570
"151",1,0,0,0,0,0,0,0,0,1,1,0,1,1180
"152",1,0,0,0,0,1,0,0,0,0,1,1,1,1260
"153",1,1,0,0,0,0,0,0,0,0,1,0,0,1150
"154",1,0,0,1,0,1,0,0,0,0,1,1,1,1020
"155",1,0,0,1,0,0,0,0,0,1,1,1,1,1160
"156",1,0,1,0,0,0,0,0,1,0,1,0,0,1340
"157",1,0,0,0,1,0,1,0,0,0,0,0,0,1240
"158",1,1,0,0,0,0,0,0,1,0,0,1,1,1120
"159",1,1,0,0,0,0,0,0,0,0,1,0,0,1280
"160",1,0,0,1,0,0,0,0,0,0,0,1,1,1170
"161",1,1,0,0,0,0,0,0,0,0,0,0,1,1330
"162",1,0,0,0,1,0,0,0,1,0,0,0,0,1360
"163",1,1,0,0,0,0,0,1,0,0,0,1,1,1040
"164",1,0,1,0,0,0,1,0,0,0,1,1,1,1040
"165",1,0,0,0,1,0,0,1,0,0,1,1,0,1410
"166",1,0,1,0,0,1,0,0,0,0,1,0,0,1580
"167",1,0,1,0,0,0,1,0,0,0,0,0,1,1040
"168",1,1,0,0,0,0,0,1,0,0,0,0,0,1210
"169",1,1,0,0,0,0,1,0,0,0,1,0,0,1270
"170",1,0,1,0,0,0,0,0,1,0,0,0,0,1230
"171",1,0,0,0,0,0,1,0,0,0,1,0,1,1260
"172",1,0,0,0,1,0,0,0,0,1,1,1,1,1450
"173",1,0,0,1,0,0,0,0,1,0,1,1,0,1370
"174",1,0,1,0,0,0,0,0,0,0,1,1,0,1200
"175",1,0,1,0,0,1,0,0,0,0,0,0,0,1000
"176",1,0,1,0,0,0,0,1,0,0,1,0,0,1390
"177",1,1,0,0,0,0,1,0,0,0,0,0,0,1040
"178",1,0,1,0,0,0,0,0,0,0,1,0,0,1270
"179",1,1,0,0,0,0,0,1,0,0,0,0,0,1110
"180",1,0,0,1,0,0,0,0,0,1,1,0,0,1580
"181",1,0,1,0,0,0,0,1,0,0,0,0,1,1200
"182",1,0,1,0,0,0,0,0,1,0,0,1,0,1090
"183",1,0,0,0,1,0,1,0,0,0,1,1,0,1010
"184",1,0,0,1,0,0,0,0,0,0,1,1,0,1210
"185",1,0,1,0,0,0,0,0,0,1,0,0,1,1000
"186",1,0,1,0,0,0,0,0,0,0,0,0,1,1190
"187",1,0,0,0,1,0,1,0,0,0,1,1,1,1280
"188",1,0,0,1,0,0,0,0,0,1,1,0,1,1170
"189",1,1,0,0,0,0,0,0,0,1,0,1,1,1010
"190",1,0,1,0,0,1,0,0,0,0,1,1,0,1370
"191",1,0,0,0,1,0,0,0,0,0,1,1,0,1190
"192",1,0,0,1,0,0,0,0,1,0,1,0,1,1320
"193",1,1,0,0,0,0,0,0,0,1,1,1,0,1160
"194",1,0,0,1,0,0,0,0,1,0,1,0,1,1220
"195",1,0,1,0,0,0,0,1,0,0,1,0,0,1310
"196",1,0,0,1,0,0,0,0,0,0,1,1,1,1100
"197",1,0,1,0,0,0,0,0,0,1,0,0,1,1150
"198",1,0,0,0,1,0,1,0,0,0,0,1,1,1070
"199",1,1,0,0,0,0,0,0,1,0,0,1,0,1020
"200",1,1,0,0,0,1,0,0,0,0,0,1,0,1310
"201",1,0,1,0,0,0,0,0,0,0,1,0,0,1300
"202",1,0,0,1,0,0,0,0,1,0,0,1,0,1270
"203",1,0,1,0,0,0,0,0,0,0,1,1,1,1230
"204",1,1,0,0,0,0,0,0,0,0,1,1,0,1160
"205",1,0,1,0,0,0,0,0,1,0,1,1,1,1000
"206",1,0,0,1,0,0,0,0,0,1,1,0,1,1280
"207",1,0,0,0,1,1,0,0,0,0,1,1,1,1240
"208",1,0,0,0,1,0,1,0,0,0,1,0,1,1330
"209",1,1,0,0,0,0,0,0,1,0,0,1,0,1300
"210",1,1,0,0,0,0,0,0,1,0,0,1,0,1130
"211",1,0,0,1,0,0,0,0,0,1,0,0,1,1330
"212",1,0,1,0,0,0,0,0,1,0,0,1,1,820
"213",1,0,1,0,0,0,1,0,0,0,0,1,0,1030
"214",1,0,1,0,0,0,0,0,0,0,0,0,1,1090
"215",1,0,0,0,1,0,1,0,0,0,1,0,1,1410
"216",1,1,0,0,0,0,0,0,0,1,1,0,1,1350
"217",1,0,0,0,1,0,0,0,0,0,0,0,0,1400
"218",1,0,1,0,0,0,1,0,0,0,0,1,0,900
"219",1,1,0,0,0,0,1,0,0,0,0,1,1,1230
"220",1,1,0,0,0,0,0,0,0,1,1,0,1,1110
"221",1,0,0,1,0,0,1,0,0,0,1,0,0,1170
"222",1,1,0,0,0,0,0,0,0,0,1,1,1,1360
"223",1,0,1,0,0,0,0,0,0,1,0,1,0,1120
"224",1,0,0,1,0,0,0,0,0,1,1,1,1,1360
"225",1,1,0,0,0,0,0,0,0,0,1,0,0,1130
"226",1,0,0,0,1,0,0,1,0,0,0,1,0,1030
"227",1,0,1,0,0,0,0,0,1,0,1,1,0,1250
"228",1,0,0,1,0,0,1,0,0,0,1,1,1,1070
"229",1,0,0,0,0,0,0,0,0,1,0,1,1,1200
"230",1,0,1,0,0,0,0,0,1,0,1,0,0,1470
"231",1,0,0,1,0,0,0,0,1,0,1,1,1,1230
"232",1,0,1,0,0,0,0,0,0,0,1,1,1,960
"233",1,1,0,0,0,1,0,0,0,0,1,1,0,1310
"234",1,0,0,0,1,0,0,0,0,1,1,1,1,1430
"235",1,0,1,0,0,1,0,0,0,0,1,0,1,1370
"236",1,0,0,1,0,0,0,0,0,0,1,1,1,1320
"237",1,0,0,1,0,1,0,0,0,0,0,1,1,1170
"238",1,0,0,1,0,0,0,0,0,1,1,0,0,1190
"239",1,1,0,0,0,0,0,0,1,0,1,1,1,1040
"240",1,0,1,0,0,0,0,0,0,0,1,1,1,1360
"241",1,0,0,1,0,0,1,0,0,0,0,0,1,1220
"242",1,0,0,0,1,1,0,0,0,0,1,1,0,1360
"243",1,0,0,1,0,0,1,0,0,0,1,1,0,1060
"244",1,0,0,0,1,0,0,0,1,0,1,1,1,1040
"245",1,0,0,1,0,0,0,0,0,1,1,1,1,1260
"246",1,0,1,0,0,0,0,0,0,0,1,1,1,1320
"247",1,0,0,0,1,0,0,0,0,0,1,1,1,1370
"248",1,1,0,0,0,0,1,0,0,0,1,0,0,1160
"249",1,1,0,0,0,0,1,0,0,0,1,1,0,1170
"250",1,0,1,0,0,0,1,0,0,0,1,1,1,1140
"251",1,0,0,0,0,0,0,0,0,1,1,0,1,1000
"252",1,0,0,1,0,0,0,0,1,0,0,1,0,1310
"253",1,1,0,0,0,0,0,0,0,1,1,0,0,1180
"254",1,0,0,1,0,0,0,1,0,0,1,1,1,1320
"255",1,0,0,1,0,0,1,0,0,0,1,1,1,1050
"256",1,0,0,0,1,0,0,0,1,0,1,1,0,1200
"257",1,0,1,0,0,0,0,0,0,0,0,1,0,1200
"258",1,0,1,0,0,0,0,0,0,0,1,0,1,1310
"259",1,1,0,0,0,0,0,0,1,0,1,1,0,1270
"260",1,0,1,0,0,0,0,1,0,0,0,0,0,1280
"261",1,0,1,0,0,0,0,0,0,1,0,0,0,1250
"262",1,0,1,0,0,0,0,0,1,0,1,0,1,1330
"263",1,0,1,0,0,0,0,0,0,1,0,1,0,1000
"264",1,0,0,0,1,0,1,0,0,0,1,1,0,1530
"265",1,0,0,1,0,0,1,0,0,0,1,1,1,1260
"266",1,0,0,1,0,0,0,0,0,1,0,1,1,1010
"267",1,0,1,0,0,1,0,0,0,0,1,1,0,1250
"268",1,0,0,1,0,0,1,0,0,0,1,1,0,1250
"269",1,0,0,1,0,0,0,0,0,0,1,0,0,1470
"270",1,0,0,0,1,0,0,0,1,0,0,1,0,1250
"271",1,0,1,0,0,1,0,0,0,0,1,1,1,1180
"272",1,0,1,0,0,0,0,0,1,0,1,1,1,1020
"273",1,0,0,1,0,0,0,0,0,0,0,1,0,1040
"274",1,0,0,1,0,0,0,0,1,0,1,1,0,1210
"275",1,1,0,0,0,0,0,0,1,0,1,0,1,1380
"276",1,0,1,0,0,1,0,0,0,0,1,1,1,1320
"277",1,0,1,0,0,0,0,0,0,1,1,0,0,1440
"278",1,0,0,0,1,0,1,0,0,0,1,0,0,1170
"279",1,0,1,0,0,0,0,0,0,1,0,1,0,1290
"280",1,1,0,0,0,1,0,0,0,0,0,1,1,1170
"281",1,0,0,1,0,0,1,0,0,0,1,1,1,1010
"282",1,0,0,1,0,0,1,0,0,0,1,1,1,980
"283",1,0,0,1,0,1,0,0,0,0,0,1,0,1310
"284",1,0,0,1,0,0,0,0,1,0,0,0,0,1280
"285",1,1,0,0,0,0,0,0,0,1,1,1,0,940
"286",1,1,0,0,0,0,0,0,0,0,1,0,1,1350
"287",1,0,0,0,1,0,0,0,0,0,1,0,1,1480
"288",1,1,0,0,0,0,0,0,0,1,1,1,0,1300
"289",1,1,0,0,0,1,0,0,0,0,0,1,1,1350
"290",1,0,0,0,1,0,0,0,0,1,1,0,1,1310
"291",1,0,1,0,0,0,0,0,0,0,1,1,1,1250
"292",1,0,0,1,0,0,0,0,0,1,1,1,1,1320
"293",1,0,1,0,0,0,0,0,0,1,1,0,1,1140
"294",1,0,0,0,1,1,0,0,0,0,1,1,0,1230
"295",1,0,0,1,0,0,1,0,0,0,0,0,1,1310
"296",1,1,0,0,0,0,0,0,0,0,0,1,1,1150
"297",1,0,0,0,0,0,0,0,0,1,1,0,1,960
"298",1,0,0,0,1,0,0,0,0,0,1,0,1,1230
"299",1,0,1,0,0,0,1,0,0,0,0,0,1,970
"300",1,0,0,1,0,0,0,0,0,0,0,1,1,1410
"301",1,0,0,0,0,0,0,0,1,0,0,0,1,1340
"302",1,0,0,1,0,0,0,0,0,1,0,1,1,1070
"303",1,0,1,0,0,0,0,0,0,0,1,0,0,1290
"304",1,1,0,0,0,0,0,0,0,0,1,1,1,1280
"305",1,0,1,0,0,0,0,0,0,0,1,0,0,1310
"306",1,0,0,0,0,0,0,0,1,0,1,1,1,1210
"307",1,0,0,0,1,0,0,0,1,0,1,0,1,1490
"308",1,0,1,0,0,0,0,0,0,1,1,1,1,1010
"309",1,1,0,0,0,0,0,0,0,0,0,1,0,1140
"310",1,0,0,1,0,0,1,0,0,0,0,1,0,1050
"311",1,1,0,0,0,0,0,0,0,0,1,1,0,1280
"312",1,1,0,0,0,1,0,0,0,0,1,1,1,1150
"313",1,0,0,1,0,1,0,0,0,0,1,0,1,1180
"314",1,0,1,0,0,0,0,0,0,0,0,0,0,1200
"315",1,0,1,0,0,1,0,0,0,0,1,0,0,1170
"316",1,0,1,0,0,0,1,0,0,0,1,1,1,1200
"317",1,0,0,1,0,0,0,1,0,0,1,0,0,1370
"318",1,0,1,0,0,0,0,0,0,0,1,1,1,1320
"319",1,1,0,0,0,1,0,0,0,0,1,1,1,1200
"320",1,0,0,1,0,0,0,0,0,0,0,1,0,1130
"321",1,0,1,0,0,0,1,0,0,0,0,0,0,1280
"322",1,0,0,0,1,0,1,0,0,0,1,1,0,1340
"323",1,0,1,0,0,0,0,0,1,0,1,1,0,1290
"324",1,0,1,0,0,0,0,0,0,1,0,1,0,1010
"325",1,0,1,0,0,0,1,0,0,0,0,1,0,950
"326",1,0,1,0,0,0,0,0,1,0,1,1,0,1430
"327",1,0,1,0,0,0,0,0,1,0,1,1,1,1130
"328",1,0,0,0,0,0,0,0,1,0,0,1,1,730
"329",1,0,1,0,0,0,0,0,0,0,1,0,1,1330
"330",1,1,0,0,0,0,0,0,0,1,1,1,0,1000
"331",1,0,1,0,0,0,1,0,0,0,1,1,1,1180
"332",1,0,1,0,0,0,0,0,0,0,1,1,1,920
"333",1,0,0,0,1,0,0,0,0,0,1,0,1,1110
"334",1,1,0,0,0,0,0,0,0,0,1,1,1,1400
"335",1,0,1,0,0,1,0,0,0,0,1,1,0,1440
"336",1,1,0,0,0,0,0,0,1,0,0,1,0,1160
"337",1,0,0,1,0,0,0,0,0,1,1,0,1,1250
"338",1,0,1,0,0,0,0,0,0,0,1,1,1,1000
"339",1,1,0,0,0,0,0,0,0,1,0,1,0,780
"340",1,0,0,1,0,0,0,0,0,1,0,0,0,990
"341",1,0,1,0,0,0,1,0,0,0,0,1,1,1100
"342",1,0,1,0,0,0,1,0,0,0,1,1,0,1170
"343",1,1,0,0,0,0,1,0,0,0,1,0,0,1250
"344",1,0,0,1,0,0,0,0,0,0,1,0,1,1200
"345",1,0,0,1,0,0,0,0,1,0,1,1,1,1270
"346",1,0,1,0,0,0,1,0,0,0,1,1,0,1290
"347",1,1,0,0,0,0,0,0,1,0,1,1,1,1130
"348",1,0,1,0,0,1,0,0,0,0,1,0,0,1430
"349",1,0,0,1,0,0,1,0,0,0,0,1,1,1250
"350",1,0,0,0,1,0,0,0,0,0,1,1,1,1330
"351",1,1,0,0,0,1,0,0,0,0,1,1,0,1120
"352",1,0,0,0,1,0,0,0,1,0,1,1,1,1130
"353",1,0,1,0,0,0,0,0,1,0,1,0,0,1250
"354",1,0,1,0,0,0,0,0,0,0,1,1,0,1050
"355",1,0,1,0,0,0,0,0,1,0,1,1,0,1180
"356",1,1,0,0,0,1,0,0,0,0,1,1,0,1190
"357",1,0,0,0,0,0,0,0,0,0,1,1,1,1150
"358",1,0,1,0,0,0,0,0,1,0,0,0,0,1070
"359",1,0,0,1,0,0,0,0,1,0,0,1,1,1120
"360",1,0,0,1,0,0,0,0,1,0,1,1,0,1400
"361",1,1,0,0,0,0,1,0,0,0,1,1,0,1110
"362",1,1,0,0,0,0,0,0,0,1,1,0,1,1370
"363",1,0,1,0,0,0,0,0,1,0,1,1,0,1070
"364",1,0,0,1,0,0,0,0,0,1,0,1,0,820
"365",1,0,1,0,0,0,0,0,1,0,1,1,1,1110
"366",1,0,0,0,0,1,0,0,0,0,0,0,1,1060
"367",1,0,1,0,0,0,1,0,0,0,1,0,1,1140
"368",1,0,1,0,0,1,0,0,0,0,0,1,1,1140
"369",1,0,0,0,0,0,0,0,0,1,0,1,0,1060
"370",1,0,0,1,0,0,0,0,0,1,1,1,0,1330
"371",1,0,0,0,1,0,0,0,1,0,1,1,1,1320
"372",1,0,1,0,0,0,0,0,1,0,0,0,0,1120
"373",1,0,0,1,0,0,0,0,0,1,1,1,1,1260
"374",1,0,0,1,0,0,0,0,1,0,1,0,0,1450
"375",1,0,0,1,0,1,0,0,0,0,1,1,0,1170
"376",1,0,0,0,1,0,0,0,0,0,0,1,1,960
"377",1,0,0,1,0,0,0,0,0,1,1,1,0,1380
"378",1,0,0,1,0,0,0,1,0,0,0,0,0,1480
"379",1,0,0,0,0,0,0,0,0,1,1,1,0,1290
"380",1,0,0,0,0,1,0,0,0,0,1,1,1,1170
"381",1,1,0,0,0,0,0,0,0,0,1,1,0,1380
"382",1,0,1,0,0,0,0,0,0,0,1,0,1,1480
"383",1,0,1,0,0,0,0,1,0,0,0,1,1,1320
"384",1,0,0,0,1,0,0,0,0,1,0,1,0,950
"385",1,0,0,0,0,0,0,0,0,1,0,1,0,930
"386",1,0,0,0,1,0,0,0,1,0,1,1,0,1240
"387",1,0,0,0,1,1,0,0,0,0,1,1,0,1210
"388",1,0,1,0,0,0,0,0,0,0,0,1,0,1180
"389",1,0,0,1,0,0,1,0,0,0,1,1,0,1160
"390",1,0,0,1,0,0,0,1,0,0,1,1,1,1250
"391",1,0,0,0,1,0,0,0,0,1,0,0,1,1200
"392",1,0,0,1,0,0,0,0,1,0,1,1,0,1290
"393",1,0,0,0,1,0,0,0,1,0,1,1,1,1240
"394",1,0,1,0,0,0,0,0,0,0,1,0,1,1090
"395",1,0,1,0,0,0,0,0,0,1,1,0,0,1240
"396",1,0,0,0,0,0,1,0,0,0,0,1,1,970
"397",1,1,0,0,0,0,1,0,0,0,0,1,0,1110
"398",1,0,1,0,0,0,0,0,0,0,1,1,0,1440
"399",1,1,0,0,0,0,0,0,0,1,1,1,1,1200
"400",1,0,0,1,0,0,0,0,0,1,1,1,1,1110
"401",1,0,1,0,0,0,0,0,0,1,1,0,0,1110
"402",1,0,0,0,0,0,0,0,1,0,1,1,1,1000
"403",1,0,0,0,0,0,0,0,1,0,0,1,0,1070
"404",1,0,0,1,0,0,1,0,0,0,1,0,0,1510
"405",1,0,1,0,0,0,1,0,0,0,1,1,0,1100
"406",1,0,1,0,0,0,0,0,0,1,1,1,0,1200
"407",1,1,0,0,0,0,0,0,0,0,1,0,1,1180
"408",1,1,0,0,0,0,0,0,0,0,1,1,0,1350
"409",1,0,0,1,0,0,1,0,0,0,0,0,0,1070
"410",1,0,0,1,0,0,0,0,0,0,1,0,1,1400
"411",1,0,0,1,0,0,0,1,0,0,1,0,0,1250
"412",1,0,0,0,1,0,0,0,1,0,1,0,1,1360
"413",1,0,0,1,0,0,0,0,0,0,1,1,1,1180
"414",1,1,0,0,0,0,0,0,0,1,1,0,1,1180
"415",1,0,1,0,0,1,0,0,0,0,0,0,0,1170
"416",1,0,0,0,1,0,1,0,0,0,1,1,1,1300
"417",1,0,1,0,0,1,0,0,0,0,1,0,1,1230
"418",1,0,1,0,0,0,0,0,0,0,1,1,1,1240
"419",1,0,0,1,0,0,0,0,1,0,1,1,1,1160
"420",1,0,0,0,1,0,1,0,0,0,0,0,1,1090
"421",1,0,1,0,0,0,0,0,0,0,0,0,0,1430
"422",1,0,0,1,0,0,1,0,0,0,1,0,0,1120
"423",1,0,0,1,0,0,0,1,0,0,0,0,0,1070
"424",1,0,0,0,0,0,0,0,0,1,1,0,0,1240
"425",1,1,0,0,0,0,0,0,1,0,0,1,1,900
"426",1,0,1,0,0,0,0,0,1,0,0,1,0,1160
"427",1,0,1,0,0,1,0,0,0,0,1,1,1,1390
"428",1,0,1,0,0,0,0,0,0,1,0,1,1,1210
"429",1,0,0,0,0,0,0,0,0,1,0,1,1,1140
"430",1,0,1,0,0,0,0,0,0,1,0,1,1,1150
"431",1,0,1,0,0,0,0,0,0,0,0,1,1,1150
"432",1,0,1,0,0,0,1,0,0,0,1,1,0,1190
"433",1,0,1,0,0,0,1,0,0,0,1,1,1,1100
"434",1,0,0,0,0,0,0,0,0,1,0,1,0,1040
"435",1,0,1,0,0,0,0,0,0,1,1,1,1,1210
"436",1,0,1,0,0,0,0,0,1,0,0,0,1,1020
"437",1,0,0,1,0,0,0,0,0,0,1,1,1,1240
"438",1,0,0,1,0,0,0,0,0,0,0,1,1,1250
"439",1,0,1,0,0,0,1,0,0,0,1,1,1,1140
"440",1,0,0,1,0,0,0,0,0,1,1,0,1,1430
"441",1,0,1,0,0,0,0,0,1,0,1,0,0,1270
"442",1,0,0,1,0,0,1,0,0,0,1,1,0,1330
"443",1,0,0,0,0,0,0,0,0,1,0,1,0,1170
"444",1,1,0,0,0,0,0,0,0,0,1,1,0,1290
"445",1,0,0,0,0,0,0,0,0,1,0,1,1,1320
"446",1,0,1,0,0,0,0,0,0,1,1,0,0,1240
"447",1,0,0,1,0,0,0,0,1,0,0,1,1,1170
"448",1,0,1,0,0,0,1,0,0,0,1,0,1,1370
"449",1,1,0,0,0,0,1,0,0,0,1,1,1,970
"450",1,1,0,0,0,0,0,0,0,0,1,1,1,1290
"451",1,0,1,0,0,0,0,0,1,0,0,0,0,1290
"452",1,0,0,0,1,0,0,0,1,0,1,1,0,1570
"453",1,0,1,0,0,0,0,0,0,0,0,1,0,1240
"454",1,0,1,0,0,0,0,0,1,0,0,1,1,1120
"455",1,0,1,0,0,0,0,0,0,0,0,1,0,1100
"456",1,0,1,0,0,1,0,0,0,0,0,1,1,970
"457",1,0,0,1,0,1,0,0,0,0,1,1,0,1390
"458",1,0,0,1,0,0,0,0,0,0,0,1,1,1040
"459",1,0,0,0,1,1,0,0,0,0,1,1,0,1600
"460",1,1,0,0,0,0,1,0,0,0,1,0,1,1220
"461",1,0,1,0,0,1,0,0,0,0,0,1,1,1070
"462",1,1,0,0,0,0,0,0,1,0,0,1,1,1040
"463",1,0,0,0,1,0,0,0,1,0,1,1,0,1240
"464",1,0,1,0,0,0,0,0,1,0,0,1,0,1400
"465",1,0,0,0,0,1,0,0,0,0,1,0,1,1200
"466",1,0,1,0,0,0,0,0,1,0,1,1,0,1420
"467",1,0,0,1,0,0,0,0,0,0,0,1,0,810
"468",1,0,0,0,0,0,1,0,0,0,0,0,1,1220
"469",1,0,0,0,0,0,1,0,0,0,0,0,0,1370
"470",1,0,1,0,0,0,0,0,1,0,1,1,1,1370
"471",1,0,1,0,0,0,0,0,0,0,1,0,0,1400
"472",1,0,1,0,0,0,1,0,0,0,1,1,0,1210
"473",1,0,1,0,0,0,0,0,0,0,1,0,0,1310
"474",1,0,0,1,0,0,0,0,0,1,1,1,0,1140
"475",1,1,0,0,0,0,0,0,0,0,1,0,0,1470
"476",1,0,0,1,0,1,0,0,0,0,1,0,0,1290
"477",1,0,0,0,1,1,0,0,0,0,1,0,1,1220
"478",1,0,0,1,0,0,0,0,0,0,1,1,1,1280
"479",1,0,0,1,0,0,0,1,0,0,1,1,0,1150
"480",1,0,0,0,1,0,0,0,0,0,1,1,1,1250
"481",1,1,0,0,0,0,1,0,0,0,1,0,1,1240
"482",1,0,0,1,0,0,0,0,0,0,0,1,0,1080
"483",1,0,1,0,0,0,0,0,1,0,0,1,1,1180
"484",1,0,0,0,0,0,1,0,0,0,1,1,1,1050
"485",1,1,0,0,0,0,0,0,0,0,1,1,0,1030
"486",1,0,1,0,0,0,1,0,0,0,1,1,1,1240
"487",1,0,0,1,0,0,0,0,1,0,0,1,1,1080
"488",1,0,1,0,0,0,0,0,0,0,0,1,0,1210
"489",1,1,0,0,0,0,0,0,0,1,1,0,1,1120
"490",1,0,0,0,0,0,0,0,0,0,0,0,1,1350
"491",1,0,0,0,0,0,0,0,0,0,0,1,0,1270
"492",1,0,1,0,0,0,0,0,0,0,1,1,0,1190
"493",1,0,1,0,0,0,0,0,1,0,1,1,0,1390
"494",1,0,1,0,0,1,0,0,0,0,1,1,0,1400
"495",1,1,0,0,0,0,1,0,0,0,1,1,0,1130
"496",1,0,0,1,0,0,1,0,0,0,1,0,1,1180
"497",1,0,1,0,0,0,0,0,1,0,1,1,0,1040
"498",1,0,0,1,0,0,0,0,1,0,0,0,0,1210
"499",1,1,0,0,0,0,0,0,0,1,1,1,0,1200
"500",1,0,0,0,1,0,0,0,1,0,1,1,1,1270
"501",1,0,0,1,0,0,0,1,0,0,1,1,0,1310
"502",1,1,0,0,0,0,0,0,0,0,1,0,0,1490
"503",1,0,1,0,0,0,0,0,1,0,0,1,1,1130
"504",1,0,0,0,1,0,0,0,0,0,1,0,0,1490
"505",1,0,0,1,0,0,0,1,0,0,0,1,0,1020
"506",1,1,0,0,0,0,0,0,0,1,1,1,0,1350
"507",1,0,0,0,0,0,1,0,0,0,1,1,1,1190
"508",1,1,0,0,0,1,0,0,0,0,0,1,1,1090
"509",1,0,1,0,0,0,0,1,0,0,1,1,1,1330
"510",1,0,1,0,0,1,0,0,0,0,1,1,0,1420
"511",1,0,0,1,0,0,0,0,1,0,1,1,1,1270
"512",1,0,0,0,0,0,0,0,0,1,1,1,1,1070
"513",1,0,0,1,0,0,0,0,0,1,0,1,1,1080
"514",1,1,0,0,0,0,0,0,0,1,1,0,0,1100
"515",1,1,0,0,0,0,0,1,0,0,0,0,0,1420
"516",1,0,1,0,0,0,0,0,0,1,1,0,0,1360
"517",1,0,0,1,0,0,0,0,1,0,1,1,0,1350
"518",1,0,0,0,1,0,0,0,1,0,1,0,0,1220
"519",1,0,0,1,0,0,0,0,0,1,1,0,0,1260
"520",1,1,0,0,0,0,1,0,0,0,0,0,0,1260
"521",1,0,0,1,0,0,0,0,1,0,1,1,1,1120
"522",1,0,1,0,0,0,0,0,0,0,1,1,0,1450
"523",1,0,0,1,0,1,0,0,0,0,1,1,1,1150
"524",1,0,1,0,0,0,0,1,0,0,0,1,1,1070
"525",1,0,1,0,0,0,1,0,0,0,1,0,1,1040
"526",1,0,0,0,1,0,0,0,1,0,1,1,1,1150
"527",1,0,1,0,0,0,0,0,0,1,0,0,1,1100
"528",1,0,1,0,0,0,1,0,0,0,0,1,0,950
"529",1,0,0,1,0,1,0,0,0,0,0,1,0,880
"530",1,0,1,0,0,0,0,0,0,0,1,1,0,1200
"531",1,0,1,0,0,0,0,0,0,0,1,0,0,1210
"532",1,0,1,0,0,0,0,0,0,1,1,1,0,1030
"533",1,0,0,0,1,0,0,0,0,0,1,0,1,1130
"534",1,0,0,0,1,0,0,0,0,0,1,0,0,1410
"535",1,1,0,0,0,0,1,0,0,0,1,0,1,1230
"536",1,0,1,0,0,1,0,0,0,0,0,0,0,1290
"537",1,0,1,0,0,0,0,0,0,0,1,0,1,1080
"538",1,0,0,1,0,0,1,0,0,0,1,1,0,1100
"539",1,0,0,0,1,1,0,0,0,0,1,0,1,1290
"540",1,0,0,0,0,0,0,0,0,0,1,0,1,1500
"541",1,0,1,0,0,0,1,0,0,0,1,0,1,1250
"542",1,0,0,1,0,0,0,0,0,0,0,0,1,1340
"543",1,0,1,0,0,0,0,0,0,0,1,1,0,1320
"544",1,0,0,1,0,0,0,0,0,0,1,1,0,1420
"545",1,0,0,1,0,0,0,1,0,0,1,1,0,1170
"546",1,0,0,0,1,0,0,0,0,1,0,0,1,1330
"547",1,0,0,0,0,0,0,0,0,1,1,0,0,1530
"548",1,0,1,0,0,0,1,0,0,0,1,0,1,1220
"549",1,0,1,0,0,0,1,0,0,0,0,1,0,1170
"550",1,0,1,0,0,0,0,1,0,0,1,1,1,1280
"551",1,0,1,0,0,0,0,0,0,1,0,1,1,1280
"552",1,1,0,0,0,1,0,0,0,0,0,0,1,1430
"553",1,1,0,0,0,0,0,0,0,0,1,1,0,970
"554",1,0,0,1,0,0,0,0,1,0,0,1,1,1230
"555",1,0,0,0,1,0,0,0,0,0,1,1,1,990
"556",1,0,1,0,0,0,0,0,1,0,0,1,0,860
"557",1,0,1,0,0,0,0,0,0,0,1,0,0,1190
"558",1,0,1,0,0,0,0,1,0,0,0,1,1,1160
"559",1,1,0,0,0,0,0,0,0,0,0,1,0,1150
"560",1,0,0,1,0,0,0,0,0,1,1,1,1,1200
"561",1,0,0,1,0,0,0,0,1,0,1,0,0,1290
"562",1,0,1,0,0,0,0,0,1,0,1,1,0,1220
"563",1,0,1,0,0,1,0,0,0,0,1,0,1,1520
"564",1,0,0,1,0,0,0,0,1,0,0,0,0,1260
"565",1,1,0,0,0,1,0,0,0,0,0,1,1,1010
"566",1,1,0,0,0,0,0,0,0,0,1,1,1,990
"567",1,0,0,0,1,1,0,0,0,0,0,0,0,1540
"568",1,0,0,1,0,0,0,1,0,0,0,0,0,1210
"569",1,1,0,0,0,0,1,0,0,0,0,1,1,1070
"570",1,0,0,1,0,1,0,0,0,0,0,1,1,1190
"571",1,1,0,0,0,0,0,0,1,0,1,0,1,1250
"572",1,0,0,0,0,1,0,0,0,0,1,1,1,1490
"573",1,0,1,0,0,0,0,0,1,0,1,1,0,1090
"574",1,0,1,0,0,0,1,0,0,0,0,0,0,1100
"575",1,0,0,0,1,0,1,0,0,0,1,1,0,1290
"576",1,0,0,0,0,0,0,0,0,0,0,0,1,1010
"577",1,0,0,0,0,0,0,0,1,0,1,0,1,1080
"578",1,1,0,0,0,0,1,0,0,0,1,1,0,1400
"579",1,1,0,0,0,0,0,0,1,0,0,0,0,1060
"580",1,0,0,1,0,0,0,1,0,0,1,1,0,1120
"581",1,0,0,1,0,0,0,0,0,1,1,1,0,1440
"582",1,0,0,0,1,0,0,0,0,1,1,1,0,1320
"583",1,0,0,1,0,1,0,0,0,0,0,1,0,1230
"584",1,0,0,1,0,0,0,0,0,0,1,0,0,1280
"585",1,0,0,1,0,0,0,0,1,0,1,1,0,1260
"586",1,0,1,0,0,0,0,0,0,0,1,1,0,1240
"587",1,0,0,0,0,0,1,0,0,0,1,1,0,1170
"588",1,0,1,0,0,1,0,0,0,0,0,1,0,1070
"589",1,0,1,0,0,0,0,0,1,0,1,1,0,1120
"590",1,0,0,0,0,0,0,0,0,1,1,1,0,1100
"591",1,0,1,0,0,0,0,0,1,0,0,1,1,1090
"592",1,0,0,0,0,0,0,0,0,1,1,1,1,1150
"593",1,0,0,0,1,1,0,0,0,0,1,1,1,1190
"594",1,0,0,0,1,0,1,0,0,0,1,1,0,1270
"595",1,0,1,0,0,1,0,0,0,0,1,0,0,1540
"596",1,0,1,0,0,1,0,0,0,0,1,0,0,1190
"597",1,1,0,0,0,0,1,0,0,0,0,1,1,730
"598",1,0,0,0,0,0,0,0,0,1,1,1,1,1040
"599",1,0,0,1,0,0,1,0,0,0,1,1,0,1240
"600",1,0,0,1,0,0,0,0,0,1,1,1,0,1280
"601",1,0,0,1,0,0,0,1,0,0,1,1,0,1110
"602",1,0,1,0,0,0,1,0,0,0,1,1,0,800
"603",1,0,0,0,1,0,0,0,1,0,1,1,0,1310
"604",1,0,0,1,0,0,1,0,0,0,0,1,1,1090
"605",1,0,0,1,0,0,0,1,0,0,0,0,1,1420
"606",1,0,1,0,0,0,0,0,0,1,1,1,1,1240
"607",1,0,1,0,0,0,0,0,0,0,1,1,0,1380
"608",1,0,1,0,0,0,0,1,0,0,0,1,0,1010
"609",1,0,0,0,1,0,0,0,1,0,1,1,0,1140
"610",1,1,0,0,0,0,0,0,0,0,1,1,0,1140
"611",1,0,0,1,0,0,0,0,1,0,0,0,1,1180
"612",1,0,1,0,0,0,0,0,1,0,1,1,0,1130
"613",1,0,1,0,0,1,0,0,0,0,1,0,1,1500
"614",1,0,1,0,0,0,0,0,0,0,1,1,0,1240
"615",1,0,0,0,0,0,0,0,0,0,1,1,0,1430
"616",1,0,1,0,0,0,1,0,0,0,1,1,0,1180
"617",1,0,0,0,1,1,0,0,0,0,1,1,0,910
"618",1,0,0,1,0,1,0,0,0,0,1,1,1,1390
"619",1,0,0,1,0,0,0,1,0,0,1,1,1,1450
"620",1,0,1,0,0,0,0,0,0,0,0,0,1,1210
"621",1,0,1,0,0,0,1,0,0,0,0,1,0,990
"622",1,1,0,0,0,1,0,0,0,0,0,1,1,1140
"623",1,0,1,0,0,0,1,0,0,0,0,0,1,1070
"624",1,0,0,0,0,0,0,0,1,0,1,0,1,1530
"625",1,0,0,0,1,1,0,0,0,0,0,1,0,1120
"626",1,0,0,1,0,0,0,0,1,0,1,0,1,1590
"627",1,1,0,0,0,0,0,0,0,0,0,0,1,1200
"628",1,0,0,1,0,0,0,0,0,0,1,1,1,1050
"629",1,0,0,1,0,0,0,0,1,0,0,1,1,1030
"630",1,0,1,0,0,0,0,0,0,1,1,0,0,1010
"631",1,0,0,1,0,0,0,0,1,0,1,1,1,1200
"632",1,1,0,0,0,0,1,0,0,0,1,1,1,1240
"633",1,1,0,0,0,1,0,0,0,0,1,0,0,1250
"634",1,0,1,0,0,0,1,0,0,0,1,1,0,1360
"635",1,0,0,1,0,0,0,0,0,1,1,1,1,1370
"636",1,0,0,0,0,0,1,0,0,0,1,1,1,1220
"637",1,1,0,0,0,0,1,0,0,0,0,0,0,1280
"638",1,0,0,1,0,0,0,0,0,1,1,0,0,1400
"639",1,0,0,0,1,0,0,0,1,0,1,1,1,1340
"640",1,0,0,1,0,0,0,0,0,0,1,1,0,1270
"641",1,0,0,1,0,0,1,0,0,0,1,1,1,980
"642",1,0,0,1,0,0,0,0,0,0,0,0,0,1370
"643",1,1,0,0,0,0,0,0,0,1,0,1,0,1300
"644",1,0,0,0,1,0,1,0,0,0,1,0,0,1300
"645",1,1,0,0,0,0,1,0,0,0,1,1,1,1180
"646",1,1,0,0,0,1,0,0,0,0,1,0,0,1280
"647",1,0,0,1,0,0,0,0,0,0,1,1,0,1150
"648",1,0,0,0,1,0,1,0,0,0,0,1,0,1170
"649",1,1,0,0,0,0,1,0,0,0,1,1,0,1040
"650",1,0,0,1,0,0,0,0,1,0,1,0,0,1280
"651",1,0,1,0,0,0,0,0,0,1,0,0,1,1060
"652",1,0,0,0,0,0,1,0,0,0,1,0,0,1260
"653",1,0,0,1,0,0,0,0,1,0,1,0,0,1450
"654",1,0,0,0,0,0,0,0,0,0,1,0,0,1220
"655",1,1,0,0,0,0,0,0,0,1,1,1,0,1290
"656",1,1,0,0,0,0,0,0,1,0,1,1,0,1170
"657",1,0,1,0,0,0,0,0,0,0,0,1,1,1250
"658",1,0,0,1,0,0,0,0,0,1,1,1,1,1180
"659",1,0,0,1,0,0,0,0,0,0,0,1,0,1040
"660",1,0,0,1,0,0,0,0,0,0,1,1,1,1440
"661",1,0,1,0,0,0,0,0,1,0,0,1,1,1270
"662",1,0,1,0,0,0,0,0,0,1,1,1,1,1210
"663",1,0,0,1,0,0,0,0,1,0,0,1,0,1160
"664",1,0,1,0,0,0,1,0,0,0,1,1,0,1190
"665",1,0,0,1,0,0,0,0,0,0,1,1,1,1250
"666",1,0,1,0,0,0,0,0,0,1,0,0,0,1070
"667",1,0,1,0,0,0,0,0,1,0,0,0,0,1210
"668",1,1,0,0,0,1,0,0,0,0,0,1,0,1360
"669",1,0,1,0,0,0,0,0,1,0,1,1,1,1220
"670",1,0,0,1,0,0,0,0,0,0,1,0,1,1310
"671",1,0,1,0,0,0,1,0,0,0,0,1,0,1220
"672",1,0,0,1,0,0,0,0,0,0,0,1,1,1050
"673",1,0,1,0,0,0,0,0,1,0,1,1,0,1260
"674",1,0,1,0,0,0,0,0,0,0,1,0,0,1300
"675",1,0,0,1,0,0,1,0,0,0,1,0,0,1260
"676",1,1,0,0,0,0,0,0,1,0,1,0,0,1100
"677",1,0,0,0,1,0,0,0,1,0,1,0,0,1280
"678",1,0,1,0,0,0,0,0,0,1,1,0,0,1280
"679",1,0,0,1,0,0,0,0,0,0,0,1,1,1320
"680",1,0,0,1,0,0,0,0,1,0,0,1,1,1140
"681",1,0,0,1,0,0,1,0,0,0,1,1,0,1230
"682",1,1,0,0,0,0,1,0,0,0,1,1,1,1140
"683",1,1,0,0,0,0,1,0,0,0,1,1,1,1110
"684",1,0,1,0,0,0,0,0,0,1,0,0,0,870
"685",1,1,0,0,0,0,0,0,1,0,1,0,1,1170
"686",1,0,0,0,1,0,0,1,0,0,1,0,0,1560
"687",1,0,0,0,1,0,0,0,1,0,1,0,1,1310
"688",1,0,0,1,0,0,0,0,0,0,0,1,1,1300
"689",1,0,0,0,0,0,1,0,0,0,0,1,1,1040
"690",1,0,0,0,1,0,0,0,1,0,0,1,1,1470
"691",1,0,1,0,0,0,0,0,0,0,1,1,0,1040
"692",1,0,0,0,1,0,0,0,0,0,0,1,0,1280
"693",1,0,1,0,0,1,0,0,0,0,0,0,0,1250
"694",1,0,0,1,0,0,0,0,0,0,1,1,0,1290
"695",1,0,1,0,0,0,0,0,0,1,1,1,0,1080
"696",1,0,0,1,0,0,0,0,1,0,0,1,0,1380
"697",1,0,1,0,0,0,0,0,0,0,1,0,0,1360
"698",1,0,0,0,0,1,0,0,0,0,1,1,0,1180
"699",1,0,0,1,0,0,0,0,0,0,1,0,0,1220
"700",1,0,1,0,0,0,1,0,0,0,0,1,1,1160
"701",1,0,0,0,1,1,0,0,0,0,1,0,0,1350
"702",1,1,0,0,0,0,0,0,0,1,1,1,0,1170
"703",1,0,0,0,0,1,0,0,0,0,1,0,1,1400
"704",1,0,0,1,0,0,0,0,1,0,1,1,0,1170
"705",1,1,0,0,0,0,0,0,0,1,0,0,0,1140
"706",1,0,0,0,0,1,0,0,0,0,0,1,1,1180
"707",1,0,0,1,0,0,1,0,0,0,1,1,1,930
"708",1,0,1,0,0,0,0,0,1,0,1,1,1,1140
"709",1,0,0,1,0,0,1,0,0,0,1,1,1,1420
"710",1,0,0,1,0,0,0,0,0,0,0,0,0,1030
"711",1,0,1,0,0,0,0,0,1,0,1,0,1,1470
"712",1,0,0,0,1,0,0,0,0,1,1,0,0,1370
"713",1,0,0,1,0,0,0,0,1,0,1,1,0,1590
"714",1,0,0,1,0,0,0,1,0,0,1,1,1,1360
"715",1,1,0,0,0,0,0,0,0,1,1,0,0,1190
"716",1,1,0,0,0,0,0,0,0,0,0,0,0,1380
"717",1,0,1,0,0,0,0,0,0,0,1,0,1,1270
"718",1,0,1,0,0,0,0,0,0,0,1,0,0,1570
"719",1,0,1,0,0,0,1,0,0,0,1,1,0,1290
"720",1,0,0,0,1,0,0,0,0,0,0,0,1,1380
"721",1,0,1,0,0,0,0,0,1,0,0,1,0,1200
"722",1,0,0,1,0,0,0,0,0,1,0,0,1,1100
"723",1,1,0,0,0,0,0,0,0,1,0,0,0,1370
"724",1,0,1,0,0,0,1,0,0,0,1,1,1,980
"725",1,1,0,0,0,0,0,0,1,0,1,1,1,960
"726",1,0,0,0,1,0,0,0,1,0,1,0,1,1290
"727",1,0,0,0,1,0,0,0,0,0,1,0,0,1250
"728",1,0,0,0,1,0,0,0,0,1,1,0,1,1120
"729",1,0,0,1,0,0,1,0,0,0,0,1,0,1350
"730",1,0,1,0,0,0,0,0,1,0,1,1,1,970
"731",1,1,0,0,0,0,0,0,0,0,0,0,0,1250
"732",1,0,0,0,0,0,0,0,0,1,0,1,1,1020
"733",1,0,1,0,0,0,0,0,1,0,1,0,0,1440
"734",1,0,0,1,0,0,0,0,0,1,1,1,1,1020
"735",1,0,0,0,1,0,0,0,1,0,0,1,0,1080
"736",1,0,1,0,0,0,0,1,0,0,1,1,1,1140
"737",1,0,1,0,0,0,0,0,0,0,1,1,1,1420
"738",1,1,0,0,0,0,0,0,1,0,0,0,0,1140
"739",1,0,0,1,0,0,0,0,0,0,1,1,1,1290
"740",1,0,1,0,0,0,1,0,0,0,0,1,1,1110
"741",1,0,0,1,0,1,0,0,0,0,1,1,1,1290
"742",1,0,0,0,0,0,0,0,0,0,0,1,0,1000
"743",1,0,1,0,0,0,1,0,0,0,1,1,0,1360
"744",1,0,1,0,0,0,0,0,0,0,1,0,0,1180
"745",1,1,0,0,0,0,0,0,1,0,0,1,1,1060
"746",1,0,0,1,0,0,0,0,0,0,1,1,1,1280
"747",1,0,0,1,0,0,1,0,0,0,1,1,1,1240
"748",1,0,1,0,0,0,0,0,1,0,1,1,1,1200
"749",1,0,1,0,0,1,0,0,0,0,0,1,0,1070
"750",1,1,0,0,0,0,0,0,1,0,1,0,1,1400
"751",1,0,0,1,0,0,0,0,0,1,1,0,1,1220
"752",1,0,0,0,1,0,0,0,1,0,1,1,1,1200
"753",1,0,1,0,0,0,0,1,0,0,0,0,1,1310
"754",1,0,1,0,0,0,0,0,0,1,1,0,0,1380
"755",1,0,1,0,0,0,0,0,0,0,0,1,1,1090
"756",1,0,0,0,1,0,0,0,0,0,1,1,0,1440
"757",1,0,0,1,0,0,0,0,1,0,1,1,1,1080
"758",1,0,0,0,1,1,0,0,0,0,0,0,1,1230
"759",1,0,0,1,0,0,0,0,1,0,0,0,0,1100
"760",1,1,0,0,0,0,0,0,1,0,1,0,1,1260
"761",1,0,1,0,0,0,1,0,0,0,0,1,0,1140
"762",1,0,0,1,0,0,0,0,0,1,1,1,0,1050
"763",1,0,0,1,0,0,0,0,0,1,1,0,1,1350
"764",1,1,0,0,0,0,1,0,0,0,1,1,0,1150
"765",1,0,0,1,0,0,0,0,1,0,1,1,1,1130
"766",1,1,0,0,0,0,1,0,0,0,1,1,0,1260
"767",1,0,1,0,0,0,1,0,0,0,1,0,0,1210
"768",1,1,0,0,0,0,1,0,0,0,1,0,1,1200
"769",1,0,0,1,0,0,0,0,0,1,1,1,0,1230
"770",1,0,0,0,0,0,0,0,1,0,0,1,1,1110
"771",1,1,0,0,0,0,1,0,0,0,1,1,1,1020
"772",1,0,0,1,0,1,0,0,0,0,1,1,1,1280
"773",1,1,0,0,0,0,0,0,0,1,0,0,0,1140
"774",1,0,1,0,0,1,0,0,0,0,0,1,0,1240
"775",1,1,0,0,0,0,0,0,1,0,1,1,1,1160
"776",1,1,0,0,0,0,0,0,0,1,0,1,0,1050
"777",1,1,0,0,0,0,1,0,0,0,1,1,0,1220
"778",1,0,1,0,0,0,0,0,1,0,0,1,0,910
"779",1,0,0,0,0,0,0,0,1,0,1,0,0,1300
"780",1,0,0,0,1,0,0,0,0,0,1,0,1,1450
"781",1,0,0,1,0,0,0,0,0,0,0,1,0,1050
"782",1,1,0,0,0,0,0,1,0,0,1,1,0,1380
"783",1,1,0,0,0,0,1,0,0,0,0,0,0,1340
"784",1,0,1,0,0,0,0,0,0,0,1,0,0,1090
"785",1,0,1,0,0,1,0,0,0,0,1,0,1,1410
"786",1,1,0,0,0,0,0,0,0,1,1,0,0,920
"787",1,0,0,0,1,0,0,0,0,1,0,1,0,1290
"788",1,1,0,0,0,0,0,0,1,0,1,1,0,760
"789",1,0,1,0,0,0,0,0,0,0,0,1,1,1170
"790",1,0,1,0,0,0,0,1,0,0,0,1,0,1100
"791",1,1,0,0,0,0,1,0,0,0,1,1,0,1070
"792",1,0,0,1,0,0,0,0,1,0,0,1,0,1170
"793",1,0,0,1,0,0,1,0,0,0,0,1,1,1210
"794",1,0,0,0,1,0,0,0,0,1,1,0,1,1410
"795",1,1,0,0,0,0,1,0,0,0,1,1,0,980
"796",1,0,0,0,1,0,0,0,0,0,0,0,0,1170
"797",1,0,0,1,0,0,1,0,0,0,1,1,1,1230
"798",1,0,0,0,1,0,0,0,0,0,0,1,0,1310
"799",1,0,0,0,1,0,0,0,1,0,1,1,1,1150
"800",1,0,1,0,0,0,0,0,0,0,1,1,0,1070
"801",1,0,1,0,0,0,0,0,0,1,1,0,1,1210
"802",1,0,1,0,0,0,0,0,0,1,1,0,1,1300
"803",1,0,0,0,1,0,0,0,0,0,1,1,0,1470
"804",1,1,0,0,0,0,0,0,1,0,1,1,0,1380
"805",1,0,1,0,0,0,0,0,1,0,1,1,0,1280
"806",1,0,0,0,0,0,0,0,1,0,0,1,1,1310
"807",1,0,0,1,0,0,0,0,1,0,0,1,0,1220
"808",1,0,0,0,1,0,1,0,0,0,0,1,0,930
"809",1,0,1,0,0,0,1,0,0,0,1,1,1,1350
"810",1,1,0,0,0,1,0,0,0,0,1,1,1,1070
"811",1,0,0,0,0,0,0,0,0,1,1,1,1,940
"812",1,0,0,0,0,0,1,0,0,0,0,1,1,990
"813",1,0,1,0,0,0,0,1,0,0,1,0,0,1120
"814",1,0,0,0,1,0,0,0,0,1,1,0,1,1370
"815",1,0,1,0,0,0,1,0,0,0,1,1,0,1320
"816",1,1,0,0,0,0,0,0,0,1,1,0,1,1470
"817",1,0,0,0,0,1,0,0,0,0,1,1,0,1070
"818",1,0,0,1,0,1,0,0,0,0,0,0,1,1190
"819",1,1,0,0,0,0,1,0,0,0,0,1,0,1180
"820",1,0,1,0,0,0,0,0,0,1,1,1,0,1390
"821",1,0,0,0,0,0,0,0,0,1,1,0,0,1430
"822",1,0,0,1,0,1,0,0,0,0,0,1,0,1410
"823",1,0,0,0,1,0,0,0,1,0,0,0,1,1020
"824",1,1,0,0,0,0,1,0,0,0,0,1,0,1320
"825",1,0,1,0,0,0,0,0,0,1,0,1,0,1050
"826",1,0,1,0,0,0,1,0,0,0,1,1,1,1150
"827",1,0,1,0,0,0,0,0,0,0,0,0,0,1160
"828",1,0,1,0,0,0,0,0,0,1,1,1,0,1220
"829",1,0,0,1,0,0,0,0,0,1,0,0,0,1310
"830",1,1,0,0,0,0,0,0,0,1,1,1,1,1120
"831",1,0,0,0,0,0,0,0,1,0,0,1,0,1120
"832",1,0,1,0,0,1,0,0,0,0,0,0,0,1360
"833",1,0,0,0,0,1,0,0,0,0,1,1,1,1140
"834",1,1,0,0,0,0,1,0,0,0,1,0,0,1360
"835",1,1,0,0,0,0,0,0,1,0,1,1,1,1050
"836",1,0,1,0,0,0,1,0,0,0,1,0,0,1180
"837",1,0,0,0,1,0,1,0,0,0,1,1,1,1190
"838",1,0,0,0,0,0,1,0,0,0,1,0,0,1320
"839",1,1,0,0,0,0,0,0,0,0,0,0,1,1090
"840",1,0,1,0,0,0,0,0,0,0,1,1,0,1230
"841",1,0,0,1,0,0,1,0,0,0,0,1,0,970
"842",1,0,1,0,0,0,0,0,0,1,1,1,1,1110
"843",1,1,0,0,0,0,1,0,0,0,0,0,0,810
"844",1,1,0,0,0,0,0,0,1,0,0,0,1,1280
"845",1,0,0,1,0,0,0,0,0,1,0,0,0,1060
"846",1,0,0,0,1,0,0,1,0,0,1,1,1,1430
"847",1,0,1,0,0,0,0,1,0,0,1,0,1,1440
"848",1,0,0,1,0,0,1,0,0,0,1,1,1,1100
"849",1,0,1,0,0,0,1,0,0,0,1,1,0,1170
"850",1,0,0,1,0,0,0,0,0,0,1,1,1,1290
"851",1,0,1,0,0,0,0,1,0,0,1,1,1,1210
"852",1,0,0,0,0,0,1,0,0,0,1,1,0,1160
"853",1,0,0,0,1,0,0,0,1,0,1,1,0,1430
"854",1,0,0,0,1,0,0,0,0,1,1,1,1,1260
"855",1,0,1,0,0,0,0,0,0,1,1,1,1,1130
"856",1,1,0,0,0,1,0,0,0,0,1,1,0,1550
"857",1,1,0,0,0,0,0,0,1,0,0,1,1,1240
"858",1,0,1,0,0,1,0,0,0,0,1,1,0,1270
"859",1,1,0,0,0,0,1,0,0,0,1,0,1,1010
"860",1,0,1,0,0,0,0,0,0,0,0,1,1,1320
"861",1,0,1,0,0,0,0,0,0,0,1,1,0,1080
"862",1,0,0,0,1,0,0,1,0,0,0,1,0,1380
"863",1,0,0,1,0,1,0,0,0,0,0,0,1,930
"864",1,0,1,0,0,0,0,0,1,0,1,0,0,1260
"865",1,0,1,0,0,0,0,0,0,0,1,1,1,1520
"866",1,0,0,1,0,0,0,0,1,0,1,0,1,1380
"867",1,0,1,0,0,0,1,0,0,0,0,1,1,1080
"868",1,1,0,0,0,0,0,0,0,0,1,1,1,1020
"869",1,0,0,0,1,0,0,0,0,0,0,0,1,1280
"870",1,0,1,0,0,0,0,0,0,0,0,1,1,1020
"871",1,1,0,0,0,0,1,0,0,0,1,1,1,1070
"872",1,0,1,0,0,0,0,0,1,0,1,0,0,1250
"873",1,1,0,0,0,0,0,0,0,0,1,0,1,1360
"874",1,0,0,0,1,0,0,0,0,0,0,1,1,1440
"875",1,0,1,0,0,1,0,0,0,0,0,1,0,1050
"876",1,0,1,0,0,0,0,0,1,0,0,1,1,1250
"877",1,0,0,1,0,0,0,0,1,0,1,1,1,1360
"878",1,0,1,0,0,0,0,0,0,1,1,1,1,1100
"879",1,0,0,1,0,0,0,0,0,1,1,1,0,1200
"880",1,0,0,1,0,0,0,0,0,0,1,1,0,1230
"881",1,0,1,0,0,1,0,0,0,0,1,0,1,1170
"882",1,0,0,0,1,1,0,0,0,0,1,0,0,1230
"883",1,1,0,0,0,0,1,0,0,0,0,1,0,1210
"884",1,0,0,1,0,1,0,0,0,0,0,1,1,1020
"885",1,0,0,0,1,0,0,0,0,0,1,1,0,1040
"886",1,0,1,0,0,0,0,0,0,0,1,0,0,1230
"887",1,0,0,0,1,0,0,0,0,0,1,0,0,1530
"888",1,0,1,0,0,0,1,0,0,0,0,1,1,1120
"889",1,0,0,1,0,0,0,0,1,0,0,1,0,1220
"890",1,0,0,1,0,0,1,0,0,0,0,1,1,990
"891",1,0,0,0,1,0,0,0,1,0,1,0,0,1420
"892",1,0,0,0,1,0,0,0,0,0,1,1,0,1410
"893",1,0,0,0,0,0,0,1,0,0,0,1,0,1130
"894",1,0,0,1,0,0,0,0,0,1,1,0,1,1340
"895",1,0,0,0,1,0,0,0,0,0,1,1,0,1140
"896",1,0,0,0,1,0,0,0,0,1,0,1,0,870
"897",1,1,0,0,0,0,1,0,0,0,0,1,1,830
"898",1,1,0,0,0,0,0,0,0,1,0,0,0,1250
"899",1,0,0,1,0,0,0,0,0,0,1,0,1,1150
"900",1,0,0,1,0,0,0,0,0,1,1,0,0,1270
"901",1,0,0,1,0,0,0,1,0,0,1,1,1,1400
"902",1,0,1,0,0,0,0,1,0,0,1,1,0,1280
"903",1,0,0,0,0,0,1,0,0,0,0,0,0,910
"904",1,0,0,1,0,1,0,0,0,0,0,0,0,1550
"905",1,0,0,1,0,0,0,0,0,1,0,1,0,1300
"906",1,0,0,1,0,0,0,0,1,0,1,1,1,1360
"907",1,1,0,0,0,0,1,0,0,0,1,1,1,1050
"908",1,0,0,1,0,0,0,0,1,0,1,0,0,1390
"909",1,0,1,0,0,1,0,0,0,0,0,1,0,1230
"910",1,0,0,0,1,1,0,0,0,0,1,0,1,1220
"911",1,0,0,1,0,1,0,0,0,0,0,1,1,990
"912",1,0,0,0,0,0,0,0,1,0,1,1,0,1300
"913",1,0,1,0,0,1,0,0,0,0,1,0,0,1100
"914",1,0,1,0,0,1,0,0,0,0,0,0,0,1080
"915",1,1,0,0,0,0,0,0,0,0,0,1,0,1050
"916",1,0,0,0,1,0,0,0,1,0,1,1,0,1190
"917",1,0,0,0,1,1,0,0,0,0,1,0,1,1600
"918",1,0,1,0,0,0,1,0,0,0,1,1,0,1040
"919",1,0,1,0,0,0,0,0,0,0,1,0,0,1210
"920",1,1,0,0,0,0,0,0,1,0,1,0,1,1490
"921",1,0,0,1,0,0,1,0,0,0,0,1,1,1200
"922",1,0,1,0,0,0,1,0,0,0,0,1,0,950
"923",1,0,0,1,0,0,1,0,0,0,1,1,1,1210
"924",1,1,0,0,0,0,0,0,0,0,0,1,0,1120
"925",1,0,0,1,0,0,1,0,0,0,0,1,1,1240
"926",1,0,0,0,1,0,0,0,0,1,1,0,1,1200
"927",1,0,0,0,1,0,0,0,0,0,0,1,1,1120
"928",1,0,0,1,0,0,1,0,0,0,0,0,0,1190
"929",1,0,0,0,1,0,0,0,0,0,0,0,1,970
"930",1,0,1,0,0,0,0,0,0,1,0,1,0,1040
"931",1,0,1,0,0,0,0,0,1,0,0,0,1,1220
"932",1,0,0,1,0,0,0,0,1,0,0,1,1,1130
"933",1,0,0,1,0,0,0,0,0,0,0,0,1,1190
"934",1,0,1,0,0,1,0,0,0,0,0,0,1,1260
"935",1,0,1,0,0,0,0,0,0,0,1,0,1,1520
"936",1,0,0,1,0,0,0,0,1,0,0,1,1,1180
"937",1,0,0,0,0,0,0,0,0,0,1,1,1,1130
"938",1,0,0,0,1,0,1,0,0,0,0,1,0,1100
"939",1,0,0,1,0,0,0,0,1,0,1,0,1,1380
"940",1,0,0,1,0,0,0,0,0,1,1,0,1,1260
"941",1,0,1,0,0,0,0,1,0,0,0,0,1,1230
"942",1,0,0,1,0,0,0,1,0,0,1,1,0,1420
"943",1,0,1,0,0,0,1,0,0,0,1,1,1,1250
"944",1,0,0,0,0,0,0,0,0,1,0,0,1,1130
"945",1,1,0,0,0,0,1,0,0,0,1,1,0,1140
"946",1,0,1,0,0,0,0,0,0,0,1,1,0,1090
"947",1,1,0,0,0,0,1,0,0,0,1,1,1,1350
"948",1,0,0,1,0,0,0,0,1,0,0,1,0,1060
"949",1,1,0,0,0,0,0,0,0,1,0,0,1,1030
"950",1,0,0,0,1,0,1,0,0,0,0,0,0,1190
"951",1,0,0,0,1,0,1,0,0,0,1,1,1,1380
"952",1,0,0,1,0,0,0,0,1,0,1,0,0,1320
"953",1,0,0,0,1,0,0,0,0,1,0,1,0,1260
"954",1,0,1,0,0,0,1,0,0,0,1,0,1,1070
"955",1,0,1,0,0,0,0,0,1,0,1,1,0,1180
"956",1,0,0,0,1,0,0,0,0,0,1,1,1,1180
"957",1,0,1,0,0,0,0,0,1,0,1,1,1,1390
"958",1,0,0,1,0,0,0,1,0,0,1,1,0,1540
"959",1,0,0,1,0,0,1,0,0,0,1,1,0,1060
"960",1,0,1,0,0,0,1,0,0,0,1,1,1,1300
"961",1,0,0,0,0,0,0,0,1,0,1,1,0,1110
"962",1,0,0,1,0,0,0,0,0,1,0,1,0,1040
"963",1,0,0,0,1,0,0,0,0,0,1,1,0,1600
"964",1,0,1,0,0,0,0,0,0,1,0,0,0,1240
"965",1,0,0,1,0,0,0,0,1,0,1,1,1,1170
"966",1,0,0,1,0,0,0,0,1,0,1,1,0,1190
"967",1,0,0,0,0,0,0,0,0,1,1,0,1,1190
"968",1,0,1,0,0,0,0,0,1,0,1,1,1,1150
"969",1,0,0,0,1,0,0,0,0,0,1,1,0,1210
"970",1,1,0,0,0,1,0,0,0,0,1,1,0,1330
"971",1,0,0,1,0,1,0,0,0,0,1,1,0,1530
"972",1,0,1,0,0,0,0,0,0,1,1,0,1,1270
"973",1,0,0,0,0,0,1,0,0,0,0,0,0,1060
"974",1,0,0,1,0,0,0,0,1,0,0,1,0,1090
"975",1,0,0,0,0,0,0,0,1,0,1,1,0,1120
"976",1,0,1,0,0,0,0,0,1,0,1,0,0,1260
"977",1,1,0,0,0,0,0,0,1,0,0,0,1,1120
"978",1,0,1,0,0,0,0,0,0,0,1,1,1,1140
"979",1,0,0,1,0,0,1,0,0,0,1,0,1,1010
"980",1,0,1,0,0,0,0,0,0,0,1,1,0,1500
"981",1,1,0,0,0,0,1,0,0,0,0,1,0,600
"982",1,0,0,1,0,0,0,0,0,1,1,1,1,1330
"983",1,1,0,0,0,0,0,0,0,1,1,0,1,1370
"984",1,0,0,0,0,0,0,0,1,0,1,0,0,1390
"985",1,0,1,0,0,0,0,0,0,1,1,1,0,1300
"986",1,0,0,0,0,0,1,0,0,0,1,1,1,1070
"987",1,0,1,0,0,0,0,0,0,0,1,1,0,1010
"988",1,0,0,0,1,0,0,0,0,1,1,0,1,1310
"989",1,0,0,0,0,0,0,0,0,1,0,1,0,970
"990",1,0,0,1,0,0,0,0,1,0,0,0,0,1310
"991",1,0,0,0,1,0,1,0,0,0,0,0,1,1360
"992",1,1,0,0,0,0,0,0,0,1,1,0,0,1270
"993",1,0,0,1,0,0,0,0,0,0,0,1,0,1190
"994",1,0,0,1,0,1,0,0,0,0,0,1,0,1210
"995",1,0,0,0,0,0,1,0,0,0,1,1,1,1160
"996",1,0,0,0,1,0,0,1,0,0,1,0,0,1490
"997",1,0,1,0,0,0,1,0,0,0,0,1,1,1110
"998",1,0,1,0,0,0,1,0,0,0,0,0,0,1160
"999",1,0,0,1,0,0,0,0,1,0,1,0,0,1260
"1000",1,0,0,1,0,0,0,0,1,0,0,1,0,1370
